{"cameraMode":{"drawMode":0,"name":"Shaded","section":"Shading Mode"},"sceneLighting":false,"audioPlay":false,"sceneViewState":{"showFog":true,"showMaterialUpdate":false,"showSkybox":false,"showFlares":true,"showImageEffects":true,"showParticleSystems":true},"in2DMode":false,"pivot":{"x":7.900284767150879,"y":-7.04939603805542,"z":2.320432424545288},"rotation":{"x":0.23336480557918549,"y":0.6083002090454102,"z":-0.1933947205543518,"w":0.7336256504058838},"size":21.324291229248048,"orthographic":false}