{"cameraMode":{"drawMode":0,"name":"Shaded","section":"Shading Mode"},"sceneLighting":false,"audioPlay":false,"sceneViewState":{"showFog":true,"showMaterialUpdate":false,"showSkybox":false,"showFlares":true,"showImageEffects":true,"showParticleSystems":true},"in2DMode":false,"pivot":{"x":-0.0000514984130859375,"y":0.6011432409286499,"z":-0.03296852111816406},"rotation":{"x":-0.15868040919303895,"y":-0.3176957368850708,"z":0.054012976586818698,"w":-0.9332743883132935},"size":9.231915473937989,"orthographic":false}