{"cameraMode":{"drawMode":0,"name":"Shaded","section":"Shading Mode"},"sceneLighting":true,"audioPlay":false,"sceneViewState":{"showFog":true,"showMaterialUpdate":false,"showSkybox":true,"showFlares":true,"showImageEffects":true,"showParticleSystems":true},"in2DMode":false,"pivot":{"x":2374.45947265625,"y":498.744384765625,"z":5436.1064453125},"rotation":{"x":-0.3624207675457001,"y":-0.5109815001487732,"z":0.2508265972137451,"w":-0.7380591630935669},"size":282.1854553222656,"orthographic":false}