{"cameraMode":{"drawMode":0,"name":"Shaded","section":"Shading Mode"},"sceneLighting":false,"audioPlay":false,"sceneViewState":{"showFog":true,"showMaterialUpdate":false,"showSkybox":false,"showFlares":true,"showImageEffects":true,"showParticleSystems":true},"in2DMode":false,"pivot":{"x":1.7393401861190797,"y":-0.6535671949386597,"z":0.7443934679031372},"rotation":{"x":0.07058396190404892,"y":0.8768336176872253,"z":-0.13554242253303529,"w":0.4559660255908966},"size":3.2990705966949465,"orthographic":false}