{"cameraMode":{"drawMode":0,"name":"Shaded","section":"Shading Mode"},"sceneLighting":true,"audioPlay":false,"sceneViewState":{"showFog":true,"showMaterialUpdate":false,"showSkybox":true,"showFlares":true,"showImageEffects":true,"showParticleSystems":true},"in2DMode":false,"pivot":{"x":344.4586181640625,"y":330.8388977050781,"z":-6.978668212890625},"rotation":{"x":-0.042259085923433307,"y":0.07896333932876587,"z":-0.0034935176372528078,"w":-0.9960517883300781},"size":279.4969787597656,"orthographic":false}