{"cameraMode":{"drawMode":0,"name":"Shaded","section":"Shading Mode"},"sceneLighting":false,"audioPlay":false,"sceneViewState":{"showFog":true,"showMaterialUpdate":false,"showSkybox":false,"showFlares":true,"showImageEffects":true,"showParticleSystems":true},"in2DMode":false,"pivot":{"x":2.856569290161133,"y":12.452089309692383,"z":7.832862854003906},"rotation":{"x":-0.15868040919303895,"y":-0.3176957368850708,"z":0.054012976586818698,"w":-0.9332743883132935},"size":111.70982360839844,"orthographic":false}