{"cameraMode":{"drawMode":0,"name":"Shaded","section":"Shading Mode"},"sceneLighting":false,"audioPlay":false,"sceneViewState":{"showFog":true,"showMaterialUpdate":false,"showSkybox":false,"showFlares":true,"showImageEffects":true,"showParticleSystems":true},"in2DMode":false,"pivot":{"x":16.47393798828125,"y":-10.545226097106934,"z":21.61957359313965},"rotation":{"x":-0.1815723329782486,"y":-0.28526660799980166,"z":0.05513694882392883,"w":-0.9394956827163696},"size":49.04671096801758,"orthographic":false}