{"cameraMode":{"drawMode":0,"name":"Shaded","section":"Shading Mode"},"sceneLighting":false,"audioPlay":false,"sceneViewState":{"showFog":true,"showMaterialUpdate":false,"showSkybox":false,"showFlares":true,"showImageEffects":true,"showParticleSystems":true},"in2DMode":false,"pivot":{"x":-1.0817711353302003,"y":-0.6741552352905273,"z":0.2260265350341797},"rotation":{"x":0.2565039098262787,"y":0.026092829182744027,"z":-0.006927290465682745,"w":0.9661663174629211},"size":12.749724388122559,"orthographic":false}