{"cameraMode":{"drawMode":0,"name":"Shaded","section":"Shading Mode"},"sceneLighting":false,"audioPlay":false,"sceneViewState":{"showFog":true,"showMaterialUpdate":false,"showSkybox":false,"showFlares":true,"showImageEffects":true,"showParticleSystems":true},"in2DMode":false,"pivot":{"x":0.14303016662597657,"y":-0.2240920066833496,"z":-0.6637868881225586},"rotation":{"x":0.041092924773693088,"y":0.9504565000534058,"z":-0.14256665110588075,"w":0.27333980798721316},"size":11.514537811279297,"orthographic":false}