{"cameraMode":{"drawMode":0,"name":"Shaded","section":"Shading Mode"},"sceneLighting":false,"audioPlay":false,"sceneViewState":{"showFog":true,"showMaterialUpdate":false,"showSkybox":false,"showFlares":true,"showImageEffects":true,"showParticleSystems":true},"in2DMode":false,"pivot":{"x":-0.6273698806762695,"y":-0.1350722312927246,"z":-0.028911113739013673},"rotation":{"x":0.15710382163524629,"y":-0.795261025428772,"z":0.23247237503528596,"w":0.5374341607093811},"size":15.082362174987793,"orthographic":false}