{"cameraMode":{"drawMode":0,"name":"Shaded","section":"Shading Mode"},"sceneLighting":true,"audioPlay":false,"sceneViewState":{"showFog":true,"showMaterialUpdate":false,"showSkybox":true,"showFlares":true,"showImageEffects":true,"showParticleSystems":true},"in2DMode":false,"pivot":{"x":1063.860107421875,"y":45.49198913574219,"z":502.77911376953127},"rotation":{"x":-0.26692575216293337,"y":0.17346979677677155,"z":-0.04893501102924347,"w":-0.9467501640319824},"size":10.784926414489746,"orthographic":false}