{"cameraMode":{"drawMode":0,"name":"Shaded","section":"Shading Mode"},"sceneLighting":false,"audioPlay":false,"sceneViewState":{"showFog":true,"showMaterialUpdate":false,"showSkybox":false,"showFlares":true,"showImageEffects":true,"showParticleSystems":true},"in2DMode":false,"pivot":{"x":1.451115608215332,"y":1.0058073997497559,"z":-0.28925514221191409},"rotation":{"x":0.041092924773693088,"y":0.9504565000534058,"z":-0.14256665110588075,"w":0.27333980798721316},"size":11.631834030151368,"orthographic":false}