{"cameraMode":{"drawMode":0,"name":"Shaded","section":"Shading Mode"},"sceneLighting":false,"audioPlay":false,"sceneViewState":{"showFog":true,"showMaterialUpdate":false,"showSkybox":false,"showFlares":true,"showImageEffects":true,"showParticleSystems":true},"in2DMode":false,"pivot":{"x":0.04339304566383362,"y":-0.014328502118587494,"z":-0.0667290985584259},"rotation":{"x":0.20138899981975556,"y":0.037476446479558948,"z":-0.0076250904239714149,"w":0.9788125157356262},"size":1.0159752368927003,"orthographic":false}