{"cameraMode":{"drawMode":0,"name":"Shaded","section":"Shading Mode"},"sceneLighting":true,"audioPlay":false,"sceneViewState":{"showFog":true,"showMaterialUpdate":false,"showSkybox":true,"showFlares":true,"showImageEffects":true,"showParticleSystems":true},"in2DMode":false,"pivot":{"x":-2331.16943359375,"y":410.6579284667969,"z":-1582.2078857421875},"rotation":{"x":0.16307659447193147,"y":0.8278566002845764,"z":-0.3062385618686676,"w":0.4408237040042877},"size":441.4744567871094,"orthographic":false}