{"cameraMode":{"drawMode":0,"name":"Shaded","section":"Shading Mode"},"sceneLighting":false,"audioPlay":false,"sceneViewState":{"showFog":true,"showMaterialUpdate":false,"showSkybox":false,"showFlares":true,"showImageEffects":true,"showParticleSystems":true},"in2DMode":false,"pivot":{"x":1.0271930694580079,"y":2.1784958839416506,"z":0.12394952774047852},"rotation":{"x":-0.15946613252162934,"y":0.567505955696106,"z":-0.11317362636327744,"w":-0.7998337745666504},"size":46.57064437866211,"orthographic":false}