{"cameraMode":{"drawMode":0,"name":"Shaded","section":"Shading Mode"},"sceneLighting":false,"audioPlay":false,"sceneViewState":{"showFog":true,"showMaterialUpdate":false,"showSkybox":false,"showFlares":true,"showImageEffects":true,"showParticleSystems":true},"in2DMode":false,"pivot":{"x":2655.02685546875,"y":311.6509094238281,"z":5708.27490234375},"rotation":{"x":-0.21845658123493195,"y":-0.07046565413475037,"z":0.015812702476978303,"w":-0.9731848239898682},"size":762.5768432617188,"orthographic":false}