{"cameraMode":{"drawMode":0,"name":"Shaded","section":"Shading Mode"},"sceneLighting":false,"audioPlay":false,"sceneViewState":{"showFog":true,"showMaterialUpdate":false,"showSkybox":false,"showFlares":true,"showImageEffects":true,"showParticleSystems":true},"in2DMode":false,"pivot":{"x":0.04339304566383362,"y":-0.014328502118587494,"z":-0.0667290985584259},"rotation":{"x":-0.37907811999320986,"y":0.4904387593269348,"z":-0.24994371831417085,"w":-0.7438492774963379},"size":1.0159752368927003,"orthographic":false}