{"cameraMode":{"drawMode":0,"name":"Shaded","section":"Shading Mode"},"sceneLighting":false,"audioPlay":false,"sceneViewState":{"showFog":true,"showMaterialUpdate":false,"showSkybox":false,"showFlares":true,"showImageEffects":true,"showParticleSystems":true},"in2DMode":false,"pivot":{"x":12.115791320800782,"y":-17.748031616210939,"z":-43.94942092895508},"rotation":{"x":-0.2579362392425537,"y":-0.4457801878452301,"z":0.13584913313388825,"w":-0.8463577032089233},"size":111.70982360839844,"orthographic":false}