{"cameraMode":{"drawMode":0,"name":"Shaded","section":"Shading Mode"},"sceneLighting":false,"audioPlay":false,"sceneViewState":{"showFog":true,"showMaterialUpdate":false,"showSkybox":false,"showFlares":true,"showImageEffects":true,"showParticleSystems":true},"in2DMode":false,"pivot":{"x":-0.0000514984130859375,"y":0.6011432409286499,"z":-0.03296852111816406},"rotation":{"x":0.11754193156957627,"y":0.12859946489334107,"z":-0.015335657633841038,"w":0.984606146812439},"size":8.834368705749512,"orthographic":false}