{"cameraMode":{"drawMode":0,"name":"Shaded","section":"Shading Mode"},"sceneLighting":false,"audioPlay":false,"sceneViewState":{"showFog":true,"showMaterialUpdate":false,"showSkybox":false,"showFlares":true,"showImageEffects":true,"showParticleSystems":true},"in2DMode":false,"pivot":{"x":7.841612815856934,"y":1.205820083618164,"z":0.7947659492492676},"rotation":{"x":0.13862694799900056,"y":-0.6004050970077515,"z":0.10666153579950333,"w":0.780336320400238},"size":13.354820251464844,"orthographic":false}