{"cameraMode":{"drawMode":0,"name":"Shaded","section":"Shading Mode"},"sceneLighting":false,"audioPlay":false,"sceneViewState":{"showFog":true,"showMaterialUpdate":false,"showSkybox":false,"showFlares":true,"showImageEffects":true,"showParticleSystems":true},"in2DMode":false,"pivot":{"x":15.317143440246582,"y":2.6604785919189455,"z":-9.300898551940918},"rotation":{"x":0.10618729889392853,"y":-0.5626435875892639,"z":0.07317245751619339,"w":0.8165982961654663},"size":13.25744342803955,"orthographic":false}