{"cameraMode":{"drawMode":0,"name":"Shaded","section":"Shading Mode"},"sceneLighting":false,"audioPlay":false,"sceneViewState":{"showFog":true,"showMaterialUpdate":false,"showSkybox":false,"showFlares":true,"showImageEffects":true,"showParticleSystems":true},"in2DMode":false,"pivot":{"x":2636.008544921875,"y":402.5560607910156,"z":5713.69677734375},"rotation":{"x":0.017683550715446473,"y":-0.006593000143766403,"z":-0.00011656274000415578,"w":-0.9998295307159424},"size":4.534537315368652,"orthographic":false}