{"cameraMode":{"drawMode":0,"name":"Shaded","section":"Shading Mode"},"sceneLighting":false,"audioPlay":false,"sceneViewState":{"showFog":true,"showMaterialUpdate":false,"showSkybox":false,"showFlares":true,"showImageEffects":true,"showParticleSystems":true},"in2DMode":false,"pivot":{"x":2650.79736328125,"y":403.25762939453127,"z":5620.6298828125},"rotation":{"x":-0.10596638917922974,"y":0.8265214562416077,"z":-0.16609638929367066,"w":-0.5273179411888123},"size":31.232521057128908,"orthographic":false}