{"cameraMode":{"drawMode":0,"name":"Shaded","section":"Shading Mode"},"sceneLighting":false,"audioPlay":false,"sceneViewState":{"showFog":true,"showMaterialUpdate":false,"showSkybox":false,"showFlares":true,"showImageEffects":true,"showParticleSystems":true},"in2DMode":false,"pivot":{"x":-0.2631058692932129,"y":-0.6963438987731934,"z":-2.1088175773620607},"rotation":{"x":-0.318717360496521,"y":-0.5825254917144775,"z":0.2656174898147583,"w":-0.698969304561615},"size":25.50582504272461,"orthographic":false}